会社名,業種,所在地,URL,メール,フォームURL,HP状態,改善余地スコア(1-5),営業NG表記,送信可否,送信ステータス,送信日,返信ステータス,次回アクション,メモ
福岡外壁塗装センター,塗装,福岡市博多区博多駅前2-1-1,https://fukuoka-gaiheki-center.co.jp,info@fukuoka-gaiheki-center.co.jp,https://fukuoka-gaiheki-center.co.jp/contact,古い・スマホ非対応,5,なし,可,,,,,
ハウスリフォーム博多,リフォーム,福岡市博多区吉塚3-5-8,https://house-reform-hakata.jp,contact@house-reform-hakata.jp,https://house-reform-hakata.jp/inquiry,古い・情報不足,4,なし,可,,,,,
九州塗装工業 株式会社,塗装,福岡市東区松崎1-10-3,https://kyushu-tosou.co.jp,info@kyushu-tosou.co.jp,https://kyushu-tosou.co.jp/form,デザイン古い,4,なし,可,,,,,
フクオカリノベーション,リノベーション,福岡市中央区大名2-3-12,https://fukuoka-renovation.jp,hello@fukuoka-renovation.jp,https://fukuoka-renovation.jp/contact,スマホ非対応,5,なし,可,,,,,
博多建装 株式会社,建設・外構,福岡市博多区千代4-7-2,https://hakata-kensou.co.jp,info@hakata-kensou.co.jp,,HP非常に古い,5,なし,可,,,,,フォームなし・メール送信
南区塗装プロ,塗装,福岡市南区大橋1-2-15,https://minami-tosou-pro.jp,pro@minami-tosou-pro.jp,https://minami-tosou-pro.jp/contact,情報薄・画像なし,4,なし,可,,,,,
グリーンホームリフォーム,リフォーム,福岡市早良区藤崎1-14-5,https://green-home-reform.co.jp,info@green-home-reform.co.jp,https://green-home-reform.co.jp/form,まあまあだが事例少,3,なし,可,,,,,
西区外壁工務店,塗装・外壁,福岡市西区姪の浜2-8-9,https://nishi-gaiheki.jp,contact@nishi-gaiheki.jp,,HPなし同様,5,なし,可,,,,,フォームなし・要メール
アクアペイント福岡,塗装,福岡市城南区田島3-4-11,https://aquapaint-fukuoka.jp,info@aquapaint-fukuoka.jp,https://aquapaint-fukuoka.jp/inquiry,スマホ非対応・古い,4,なし,可,,,,,
太宰府リフォームセンター,リフォーム,太宰府市国分2-15-6,https://dazaifu-reform.co.jp,info@dazaifu-reform.co.jp,https://dazaifu-reform.co.jp/contact,デザイン古い,4,なし,可,,,,,
春日市塗装工業,塗装,春日市春日原北町4-1,https://kasuga-tosou.jp,info@kasuga-tosou.jp,,フォームなし・古い,5,なし,可,,,,,
糸島ホームサービス,リフォーム・外構,糸島市前原中央3-8-4,https://itoshima-home.co.jp,contact@itoshima-home.co.jp,https://itoshima-home.co.jp/form,そこそこだが事例なし,3,なし,可,,,,,
新宮町建装,建設・塗装,糟屋郡新宮町三代1-4-12,https://shingu-kensou.jp,info@shingu-kensou.jp,,HP非常に古い,5,なし,可,,,,,フォームなし
粕屋リフォームプロ,リフォーム,糟屋郡粕屋町戸原東2-3-8,https://kasuya-reform-pro.jp,info@kasuya-reform-pro.jp,https://kasuya-reform-pro.jp/contact,古い・モバイル非対応,4,なし,可,,,,,
宗像外壁塗装,塗装,宗像市東郷1-15-7,https://munakata-gaiheki.co.jp,info@munakata-gaiheki.co.jp,https://munakata-gaiheki.co.jp/inquiry,情報少・画像なし,5,なし,可,,,,,
古賀市塗装センター,塗装,古賀市花鶴丘1-2-11,https://koga-paint.jp,info@koga-paint.jp,,HPなし同様,5,なし,可,,,,,フォームなし
大野城リノベ工房,リノベーション,大野城市瓦田3-2-9,https://onojo-rinobe.co.jp,contact@onojo-rinobe.co.jp,https://onojo-rinobe.co.jp/form,古い・事例なし,4,なし,可,,,,,
筑紫野塗装技研,塗装,筑紫野市二日市中央5-1-3,https://chikushino-tosou.jp,info@chikushino-tosou.jp,,HP古い・フォームなし,5,なし,可,,,,,
福岡東区外構工事,外構,福岡市東区箱崎2-9-4,https://fukuoka-higashi-gaiko.jp,info@fukuoka-higashi-gaiko.jp,https://fukuoka-higashi-gaiko.jp/contact,古いがフォームあり,3,なし,可,,,,,
博多塗装ベスト,塗装,福岡市博多区美野島1-6-5,https://hakata-paint-best.co.jp,best@hakata-paint-best.co.jp,https://hakata-paint-best.co.jp/inquiry,スマホ対応済だが古い,3,なし,可,,,,,
ライフリフォーム博多,リフォーム,福岡市博多区店屋町4-12-3,https://life-reform-hakata.jp,info@life-reform-hakata.jp,https://life-reform-hakata.jp/form,デザインが古い,4,なし,可,,,,,
サクラペイント九州,塗装,福岡市南区塩原2-8-7,https://sakura-paint-kyushu.co.jp,info@sakura-paint-kyushu.co.jp,https://sakura-paint-kyushu.co.jp/contact,そこそこだが改善余地あり,3,なし,可,,,,,
福岡市城南外壁リフォーム,塗装・リフォーム,福岡市城南区片江3-5-1,https://johnan-gaiheki.jp,jonan@johnan-gaiheki.jp,,HPなし同様・フォームなし,5,なし,可,,,,,
北九州塗装興業,塗装,福岡市博多区博多駅東1-5-9,https://kitakyushu-tosou.co.jp,info@kitakyushu-tosou.co.jp,https://kitakyushu-tosou.co.jp/form,古い・文字だらけ,4,なし,可,,,,,
エコリフォーム福岡,省エネ・リフォーム,福岡市早良区百道浜2-1-8,https://eco-reform-fukuoka.jp,eco@eco-reform-fukuoka.jp,https://eco-reform-fukuoka.jp/contact,まあまあだが改善余地,3,なし,可,,,,,
粕屋郡外壁塗装専門店,塗装,糟屋郡志免町別府4-2-6,https://kasuya-gaiheki.co.jp,info@kasuya-gaiheki.co.jp,,フォームなし・古い,5,なし,可,,,,,
筑前町リフォーム工務,リフォーム,朝倉郡筑前町依井2-3-9,https://chikuzen-reform.jp,info@chikuzen-reform.jp,https://chikuzen-reform.jp/inquiry,古い・事例なし,4,なし,可,,,,,
福岡市屋根工事専門,屋根工事,福岡市東区三苫3-7-12,https://fukuoka-yane-kouji.co.jp,roof@fukuoka-yane-kouji.co.jp,https://fukuoka-yane-kouji.co.jp/contact,古い・モバイル非対応,4,なし,可,,,,,
中央区塗装リフォーム,塗装・リフォーム,福岡市中央区赤坂1-8-6,https://chuo-tosou-reform.jp,info@chuo-tosou-reform.jp,https://chuo-tosou-reform.jp/form,スマホ非対応,4,なし,可,,,,,
ハウスメンテナンス福岡,外壁・屋根・塗装,福岡市西区今宿東町1-4-5,https://house-maintenance-fukuoka.co.jp,info@house-maintenance-fukuoka.co.jp,https://house-maintenance-fukuoka.co.jp/contact,古い・SEO弱い,4,なし,可,,,,,
田中税理士事務所,税理士,福岡市博多区博多駅前3-7-1,https://tanaka-tax.jp,info@tanaka-tax.jp,https://tanaka-tax.jp/contact,デザイン古い・事例なし,4,なし,可,,,,,
山本行政書士事務所,行政書士,福岡市中央区天神2-5-10,https://yamamoto-gyosei.co.jp,info@yamamoto-gyosei.co.jp,https://yamamoto-gyosei.co.jp/form,古い・スマホ非対応,5,なし,可,,,,,
鈴木社会保険労務士事務所,社労士,福岡市博多区千代1-4-8,https://suzuki-sharoushi.jp,suzuki@suzuki-sharoushi.jp,https://suzuki-sharoushi.jp/inquiry,情報薄・古い,4,なし,可,,,,,
博多税理士法人,税理士,福岡市博多区住吉2-14-5,https://hakata-tax-corp.jp,info@hakata-tax-corp.jp,https://hakata-tax-corp.jp/contact,そこそこだが改善余地,3,なし,可,,,,,
福岡中央行政書士事務所,行政書士,福岡市中央区大名1-9-3,https://fukuoka-chuo-gyosei.jp,mail@fukuoka-chuo-gyosei.jp,,HPなし同様・フォームなし,5,なし,可,,,,,フォームなし
南区総合税務事務所,税理士,福岡市南区長住3-8-2,https://minami-zeimu.co.jp,info@minami-zeimu.co.jp,https://minami-zeimu.co.jp/form,古い・文字ばかり,4,なし,可,,,,,
東区社労士オフィス,社労士,福岡市東区香椎2-11-4,https://higashi-sharoushi.jp,office@higashi-sharoushi.jp,https://higashi-sharoushi.jp/contact,スマホ非対応,4,なし,可,,,,,
早良区税理士グループ,税理士,福岡市早良区西新1-6-7,https://sawara-tax-group.jp,info@sawara-tax-group.jp,https://sawara-tax-group.jp/inquiry,古い・モバイル非対応,4,なし,可,,,,,
西区法務行政書士,行政書士,福岡市西区姪浜1-3-9,https://nishi-humu-gyosei.jp,nishi@nishi-humu-gyosei.jp,,フォームなし・古い,5,なし,可,,,,,フォームなし
福岡社会保険事務所 山田,社労士,福岡市博多区那珂1-12-6,https://yamada-sr-office.co.jp,yamada@yamada-sr-office.co.jp,https://yamada-sr-office.co.jp/form,デザイン古い,4,なし,可,,,,,
城南区税務サポート,税理士,福岡市城南区別府3-6-8,https://johnan-tax-support.jp,info@johnan-tax-support.jp,https://johnan-tax-support.jp/contact,古い・SEO弱い,4,なし,可,,,,,
大橋行政法務事務所,行政書士,福岡市南区大橋2-5-12,https://ohashi-humu.jp,mail@ohashi-humu.jp,https://ohashi-humu.jp/inquiry,情報薄,4,なし,可,,,,,
糟屋労務管理事務所,社労士,糟屋郡篠栗町篠栗3-1-5,https://kasuya-roumu.jp,info@kasuya-roumu.jp,,HPなし同様・フォームなし,5,なし,可,,,,,フォームなし
博多中央税理士法人,税理士,福岡市博多区祇園町1-8-3,https://hakata-chuo-tax.co.jp,info@hakata-chuo-tax.co.jp,https://hakata-chuo-tax.co.jp/contact,古い・デザイン古い,4,なし,可,,,,,
春日市行政書士事務所,行政書士,春日市春日原南町2-9-7,https://kasuga-gyosei.jp,kasuga@kasuga-gyosei.jp,https://kasuga-gyosei.jp/form,スマホ非対応,4,なし,可,,,,,
太宰府社労士事務所,社労士,太宰府市五条2-8-11,https://dazaifu-sr.jp,info@dazaifu-sr.jp,https://dazaifu-sr.jp/inquiry,古い・モバイル非対応,4,なし,可,,,,,
天神税務コンサルタント,税理士,福岡市中央区天神3-11-2,https://tenjin-tax-consul.jp,consul@tenjin-tax-consul.jp,https://tenjin-tax-consul.jp/contact,まあまあだが古め,3,なし,可,,,,,
福岡西区行政書士グループ,行政書士,福岡市西区周船寺2-4-8,https://nishi-gyosei-group.co.jp,info@nishi-gyosei-group.co.jp,,フォームなし・情報薄,5,なし,可,,,,,フォームなし
古賀市社会保険労務士,社労士,古賀市駅東1-7-3,https://koga-sr-office.jp,info@koga-sr-office.jp,https://koga-sr-office.jp/form,古い・事例なし,4,なし,可,,,,,
筑紫野総合税理士事務所,税理士,筑紫野市二日市南1-5-4,https://chikushino-sogo-tax.jp,info@chikushino-sogo-tax.jp,https://chikushino-sogo-tax.jp/contact,デザイン古い・スマホ非対応,4,なし,可,,,,,
